{
  "weights": [
    0.2757998170778658,
    0.3639906455455627,
    0.2666076972444428,
    0.1916088914853046
  ],
  "bias": -0.7237013479544664,
  "epoch": 16,
  "rms": 0.0
}