{
  "weights": [
    0.20143489687846372,
    0.23846746486431933,
    0.05563492202409015
  ],
  "bias": -0.2548973833954977,
  "epoch": 9,
  "rms": 0.0
}