{
  "weights": [
    0.8279805086600395,
    -0.005582903653268384,
    -0.27777328642652316
  ],
  "bias": -0.3046247305004829,
  "epoch": 46,
  "rms": 0.0
}