{
  "weights": [
    11.49844692796343,
    -0.6086765974190795,
    2.7257688143889633
  ],
  "bias": -3.0518196299831106,
  "epoch": 30,
  "rms": 0.0
}