{
  "weights": [
    0.20477403582266476,
    0.24755889831326552,
    0.13941167156010736,
    0.17237676196796656
  ],
  "bias": -0.4923226638159568,
  "epoch": 10,
  "rms": 0.0
}