{
  "weights": [
    0.24956999502691216,
    0.2934636147117652,
    0.2044159457522148,
    0.12000152709735448
  ],
  "bias": -0.5500417671780531,
  "epoch": 12,
  "rms": 0.0
}