{
  "weights": [
    10.316280859600953,
    -0.5398740782318754,
    2.8683551328913395
  ],
  "bias": -3.08437887384258,
  "epoch": 29,
  "rms": 0.0
}