{
  "weights": [
    0.22862291267843357,
    0.20406293472759887,
    0.2277923581871227,
    0.09298671564887556
  ],
  "bias": -0.4639678206137168,
  "epoch": 9,
  "rms": 0.0
}