{
    "pesos": [
        1.5949547958352277,
        1.5595532909459118,
        1.52072397923683
    ],
    "umbral": 3.024620733364729,
    "epoca_mejor": {
        "epoca": 11,
        "error_rms": 0.0,
        "pesos": [
            1.5949547958352277,
            1.5595532909459118,
            1.52072397923683
        ],
        "umbral": 3.024620733364729
    }
}